{"cameraMode":{"drawMode":0,"name":"Shaded","section":"Shading Mode"},"sceneLighting":false,"audioPlay":false,"sceneViewState":{"m_AlwaysRefresh":false,"showFog":false,"showSkybox":false,"showFlares":false,"showImageEffects":false,"showParticleSystems":false,"showVisualEffectGraphs":true,"m_FxEnabled":true},"in2DMode":false,"pivot":{"x":-1.6644585132598878,"y":-3.3143510818481447,"z":-14.792097091674805},"rotation":{"x":0.001285945763811469,"y":-0.9771620631217957,"z":0.21247075498104096,"w":0.004397890530526638},"size":13.314454078674317,"orthographic":false}