{"cameraMode":{"drawMode":0,"name":"Shaded","section":"Shading Mode"},"sceneLighting":true,"audioPlay":false,"sceneViewState":{"m_AlwaysRefresh":true,"showFog":true,"showSkybox":true,"showFlares":true,"showImageEffects":true,"showParticleSystems":true,"showVisualEffectGraphs":true,"m_FxEnabled":true},"in2DMode":false,"pivot":{"x":20.82478141784668,"y":-0.12750336527824403,"z":-0.5378361940383911},"rotation":{"x":0.02321108803153038,"y":-0.7849828600883484,"z":0.028940122574567796,"w":0.6184113025665283},"size":0.9832597374916077,"orthographic":false}