{"cameraMode":{"drawMode":0,"name":"Shaded","section":"Shading Mode"},"sceneLighting":true,"audioPlay":false,"sceneViewState":{"m_AlwaysRefresh":true,"showFog":true,"showSkybox":true,"showFlares":true,"showImageEffects":true,"showParticleSystems":true,"showVisualEffectGraphs":true,"m_FxEnabled":true},"in2DMode":false,"pivot":{"x":28.257369995117189,"y":0.7003825902938843,"z":3.64424991607666},"rotation":{"x":0.00978338997811079,"y":0.7853904366493225,"z":-0.009359301067888737,"w":-0.618988573551178},"size":1.3918426036834717,"orthographic":false}