{"cameraMode":{"drawMode":0,"name":"Shaded","section":"Shading Mode"},"sceneLighting":true,"audioPlay":false,"sceneViewState":{"m_AlwaysRefresh":true,"showFog":true,"showSkybox":true,"showFlares":true,"showImageEffects":true,"showParticleSystems":true,"showVisualEffectGraphs":true,"m_FxEnabled":true},"in2DMode":false,"pivot":{"x":0.49556657671928408,"y":0.9705342054367065,"z":74.33787536621094},"rotation":{"x":0.03987330570816994,"y":0.029417214915156366,"z":-0.0011499118991196156,"w":0.9987916946411133},"size":1.3918426036834717,"orthographic":false}