{"cameraMode":{"drawMode":0,"name":"Shaded","section":"Shading Mode"},"sceneLighting":true,"audioPlay":false,"sceneViewState":{"m_AlwaysRefresh":true,"showFog":true,"showSkybox":true,"showFlares":true,"showImageEffects":true,"showParticleSystems":true,"showVisualEffectGraphs":true,"m_FxEnabled":true},"in2DMode":false,"pivot":{"x":493.4696350097656,"y":243.57171630859376,"z":-29.118207931518556},"rotation":{"x":-0.028838997706770898,"y":0.9136261940002441,"z":-0.06521214544773102,"w":-0.40028640627861025},"size":246.0862579345703,"orthographic":false}