{"cameraMode":{"drawMode":0,"name":"Shaded","section":"Shading Mode"},"sceneLighting":false,"audioPlay":false,"sceneViewState":{"m_AlwaysRefresh":false,"showFog":false,"showSkybox":false,"showFlares":false,"showImageEffects":false,"showParticleSystems":false,"showVisualEffectGraphs":true,"m_FxEnabled":true},"in2DMode":false,"pivot":{"x":0.8192175626754761,"y":-14.946377754211426,"z":-14.148104667663575},"rotation":{"x":0.00001625214827072341,"y":0.9184495806694031,"z":-0.3955942690372467,"w":0.0008891352917999029},"size":13.31765365600586,"orthographic":false}